{"cameraMode":{"drawMode":0,"name":"Shaded","section":"Shading Mode"},"sceneLighting":true,"audioPlay":false,"sceneViewState":{"showFog":true,"showMaterialUpdate":false,"showSkybox":true,"showFlares":true,"showImageEffects":true,"showParticleSystems":true},"in2DMode":false,"pivot":{"x":20.095674514770509,"y":-11.763396263122559,"z":29.04608917236328},"rotation":{"x":-0.11516375839710236,"y":-0.08126349747180939,"z":0.009453280828893185,"w":-0.9899723529815674},"size":47.03392028808594,"orthographic":false}