{"cameraMode":{"drawMode":0,"name":"Shaded","section":"Shading Mode"},"sceneLighting":true,"audioPlay":false,"sceneViewState":{"showFog":true,"showMaterialUpdate":false,"showSkybox":true,"showFlares":true,"showImageEffects":true,"showParticleSystems":true},"in2DMode":false,"pivot":{"x":3.095823287963867,"y":-5.061733245849609,"z":0.6874504089355469},"rotation":{"x":0.31639528274536135,"y":0.14327256381511689,"z":-0.04840601980686188,"w":0.9365021586418152},"size":50.29402160644531,"orthographic":false}