{"cameraMode":{"drawMode":0,"name":"Shaded","section":"Shading Mode"},"sceneLighting":true,"audioPlay":false,"sceneViewState":{"showFog":true,"showMaterialUpdate":false,"showSkybox":true,"showFlares":true,"showImageEffects":true,"showParticleSystems":true},"in2DMode":false,"pivot":{"x":13.795783042907715,"y":-13.483545303344727,"z":18.31756019592285},"rotation":{"x":-0.327158659696579,"y":0.009068509563803673,"z":-0.0031389123760163786,"w":-0.9449265003204346},"size":45.816429138183597,"orthographic":false}